incident_zip,total_requests,digital_requests,GEO_ID,NAME,population,median_household_income,households,broadband_households,broadband_household_percent,digital_share,requests_per_1000,income_quartile
10001,21577,15398,860Z200US10001,ZCTA5 10001,30511,129852,15737,14911,94.75122323187392,0.7136302544375955,707.1875716954542,Q4 · higher
10002,28794,21131,860Z200US10002,ZCTA5 10002,76873,48386,36556,31234,85.44151438888281,0.7338681669792317,374.5658423633786,Q1 · lower
10003,25467,18797,860Z200US10003,ZCTA5 10003,53560,154262,24503,23749,96.92282577643554,0.7380924333451133,475.4854368932039,Q4 · higher
10004,6438,5570,860Z200US10004,ZCTA5 10004,3711,250001,1865,1865,100.0,0.8651755203479341,1734.842360549717,Q4 · higher
10005,3507,2881,860Z200US10005,ZCTA5 10005,9439,190233,5248,5095,97.08460365853658,0.8214998574280011,371.5435957198856,Q4 · higher
10006,2869,2406,860Z200US10006,ZCTA5 10006,4096,190170,2149,2118,98.55746859004188,0.8386197281282677,700.439453125,Q4 · higher
10007,5550,4536,860Z200US10007,ZCTA5 10007,7406,250001,3344,3291,98.41507177033493,0.8172972972972973,749.3923845530651,Q4 · higher
10009,20026,14340,860Z200US10009,ZCTA5 10009,60209,92876,30082,27405,91.1009906256233,0.7160691101567962,332.60808184822866,Q3
10010,9591,6911,860Z200US10010,ZCTA5 10010,30702,144969,15632,14942,95.58597748208803,0.7205713689917631,312.39007230799297,Q4 · higher
10011,23535,16898,860Z200US10011,ZCTA5 10011,48277,145987,27802,26713,96.08301561038775,0.717994476311876,487.4992232325953,Q4 · higher
10012,14580,10980,860Z200US10012,ZCTA5 10012,21426,137106,11901,11638,97.79010167212839,0.7530864197530864,680.4816577989359,Q4 · higher
10013,15799,11472,860Z200US10013,ZCTA5 10013,27219,161154,12230,11337,92.6982829108749,0.7261219064497753,580.4401337301149,Q4 · higher
10014,14959,11015,860Z200US10014,ZCTA5 10014,29230,176395,17218,16538,96.05064467417819,0.7363460124339862,511.76873075607256,Q4 · higher
10016,20212,15328,860Z200US10016,ZCTA5 10016,52971,140381,30235,28410,93.96394906565239,0.7583613694834752,381.5672726586246,Q4 · higher
10017,9831,7239,860Z200US10017,ZCTA5 10017,15297,136705,9683,9469,97.78994113394609,0.736344217271895,642.675034320455,Q4 · higher
10018,8839,6890,860Z200US10018,ZCTA5 10018,8559,145958,4783,4528,94.66861802216182,0.7794999434325149,1032.7141021147331,Q4 · higher
10019,22805,16887,860Z200US10019,ZCTA5 10019,44942,128559,26682,25045,93.86477775279214,0.740495505371629,507.43180098794005,Q4 · higher
10021,8335,5296,860Z200US10021,ZCTA5 10021,39868,158677,20953,20114,95.99580012408724,0.6353929214157169,209.0649142169158,Q4 · higher
10022,10125,6652,860Z200US10022,ZCTA5 10022,34049,172026,18804,17771,94.50648798128057,0.6569876543209876,297.36556139681045,Q4 · higher
10023,22485,17648,860Z200US10023,ZCTA5 10023,69455,159874,37708,36080,95.68261376896149,0.7848788080942851,323.73479231156864,Q4 · higher
10024,15824,10791,860Z200US10024,ZCTA5 10024,63115,181560,30120,28858,95.81009296148738,0.6819388270980788,250.71694525865485,Q4 · higher
10025,26454,17228,860Z200US10025,ZCTA5 10025,93065,108940,41334,38236,92.50495959742585,0.6512436682543282,284.2529414925052,Q3
10026,24135,16274,860Z200US10026,ZCTA5 10026,37123,81244,15634,14240,91.0835358833312,0.6742904495545887,650.1360342644722,Q2
10027,30322,20098,860Z200US10027,ZCTA5 10027,63885,59587,24856,21584,86.83617637592533,0.662819075258888,474.63410816310557,Q1 · lower
10028,12617,8111,860Z200US10028,ZCTA5 10028,49077,175121,26288,25508,97.03286670724285,0.6428628041531267,257.08580394074613,Q4 · higher
10029,29240,19752,860Z200US10029,ZCTA5 10029,77447,38695,33660,27757,82.46286393345217,0.6755129958960329,377.5485170503699,Q1 · lower
10030,19818,12293,860Z200US10030,ZCTA5 10030,29297,39802,13092,11438,87.36633058356247,0.6202946816025835,676.4515138068745,Q1 · lower
10031,35613,23654,860Z200US10031,ZCTA5 10031,61058,65283,22499,20730,92.13742833014801,0.6641956588886081,583.2650922074093,Q1 · lower
10032,35644,23727,860Z200US10032,ZCTA5 10032,55610,56829,21584,18895,87.54169755374352,0.665666030748513,640.9638554216867,Q1 · lower
10033,29361,20517,860Z200US10033,ZCTA5 10033,54838,75040,19973,18076,90.5021779402193,0.6987841013589455,535.4133994675225,Q2
10034,24936,17108,860Z200US10034,ZCTA5 10034,37758,67754,15308,13815,90.24692970995558,0.6860763554700032,660.4163356109964,Q2
10035,17684,10771,860Z200US10035,ZCTA5 10035,38862,45121,15655,13034,83.25774512935165,0.6090816557339969,455.0460604189182,Q1 · lower
10036,22209,17016,860Z200US10036,ZCTA5 10036,31036,95638,18991,16976,89.38971091569691,0.766175874645414,715.5883490140482,Q3
10037,10619,6104,860Z200US10037,ZCTA5 10037,19031,49153,9982,8853,88.68964135443798,0.5748187211601846,557.9843413378172,Q1 · lower
10038,7925,6283,860Z200US10038,ZCTA5 10038,22235,105419,10162,9070,89.25408384176343,0.792807570977918,356.4200584663818,Q3
10039,16578,9526,860Z200US10039,ZCTA5 10039,32492,45371,12966,11389,87.8374209470924,0.5746169622391121,510.21789979071775,Q1 · lower
10040,25065,16814,860Z200US10040,ZCTA5 10040,40096,65516,15861,14970,94.38244751276716,0.6708158787153401,625.1247007182761,Q1 · lower
10044,777,510,860Z200US10044,ZCTA5 10044,11520,103347,5175,4792,92.59903381642512,0.6563706563706564,67.44791666666666,Q3
10065,9398,6274,860Z200US10065,ZCTA5 10065,30808,155331,16188,14866,91.83345688164071,0.6675888486912109,305.05063619839,Q4 · higher
10069,776,536,860Z200US10069,ZCTA5 10069,6509,233636,2934,2934,100.0,0.6907216494845361,119.2195421723767,Q4 · higher
10075,5111,3311,860Z200US10075,ZCTA5 10075,21897,155902,11519,11162,96.9007726365136,0.647818430835453,233.4109695392063,Q4 · higher
10128,10501,6518,860Z200US10128,ZCTA5 10128,57976,147772,30601,29372,95.98379137936669,0.6207027902104562,181.1266731061129,Q4 · higher
10280,1074,918,860Z200US10280,ZCTA5 10280,8933,206299,4237,4020,94.87845173471796,0.8547486033519553,120.22836673010187,Q4 · higher
10282,822,594,860Z200US10282,ZCTA5 10282,5887,250001,2353,2269,96.4300892477688,0.7226277372262774,139.62969254289112,Q4 · higher
10301,15046,8648,860Z200US10301,ZCTA5 10301,41052,85609,14584,13075,89.65304443225452,0.5747707031769241,366.51076683231025,Q2
10302,6617,3670,860Z200US10302,ZCTA5 10302,19030,78263,6056,5544,91.54557463672391,0.5546320084630497,347.7141355754073,Q2
10303,7144,3714,860Z200US10303,ZCTA5 10303,26497,83947,8778,7971,90.80656185919344,0.5198768197088466,269.61542816167866,Q2
10304,12778,6533,860Z200US10304,ZCTA5 10304,45658,71561,15738,13593,86.37056805184903,0.5112693692283612,279.86333172718906,Q2
10305,11055,6478,860Z200US10305,ZCTA5 10305,41270,83413,15774,14423,91.43527323443641,0.5859791949344189,267.8701235764478,Q2
10306,15081,8559,860Z200US10306,ZCTA5 10306,57428,96866,20073,18631,92.81622079410154,0.56753530932962,262.6070906178171,Q3
10307,4168,2742,860Z200US10307,ZCTA5 10307,15512,147184,5211,4875,93.55210132412205,0.6578694817658349,268.6952037132542,Q4 · higher
10308,6405,3617,860Z200US10308,ZCTA5 10308,30568,125850,10510,9998,95.12844909609896,0.5647150663544106,209.53284480502487,Q4 · higher
10309,9290,5973,860Z200US10309,ZCTA5 10309,34885,116098,12222,11474,93.87988872524954,0.6429494079655543,266.3035688691415,Q3
10310,7200,4141,860Z200US10310,ZCTA5 10310,25672,106250,8921,8038,90.10200650151329,0.5751388888888889,280.4612028669368,Q3
10312,17006,10878,860Z200US10312,ZCTA5 10312,63469,110719,21549,19746,91.63302241403314,0.6396565917911325,267.94182986970014,Q3
10314,21748,12490,860Z200US10314,ZCTA5 10314,93915,104613,31361,28247,90.07046969165525,0.5743056832812212,231.57110152797742,Q3
10451,27926,16597,860Z200US10451,ZCTA5 10451,50942,38770,22376,18646,83.33035395066142,0.5943207047196162,548.1920615602057,Q1 · lower
10452,51558,28075,860Z200US10452,ZCTA5 10452,75682,41288,28719,23823,82.95205264807271,0.544532371309981,681.2452102217171,Q1 · lower
10453,44464,25534,860Z200US10453,ZCTA5 10453,76282,33186,28279,24846,87.8602496552212,0.5742623245771861,582.8898036233974,Q1 · lower
10454,17093,10426,860Z200US10454,ZCTA5 10454,39570,24086,15135,12205,80.6408985794516,0.6099572924589013,431.9686631286328,Q1 · lower
10455,22487,14435,860Z200US10455,ZCTA5 10455,44801,36115,16587,14144,85.27159823958522,0.6419264463912483,501.9307604740966,Q1 · lower
10456,47161,28515,860Z200US10456,ZCTA5 10456,87533,34954,32645,27348,83.77393168938582,0.6046309450605373,538.7796602424229,Q1 · lower
10457,45665,25501,860Z200US10457,ZCTA5 10457,79543,42683,27686,23863,86.1915769703099,0.5584364392861053,574.0920005531599,Q1 · lower
10458,46631,26595,860Z200US10458,ZCTA5 10458,74898,40800,29112,25870,88.8636988183567,0.5703287512598915,622.5933936820743,Q1 · lower
10459,25946,14138,860Z200US10459,ZCTA5 10459,48270,38006,17982,14969,83.24435546657769,0.5449009481230247,537.5181272011602,Q1 · lower
10460,32260,18981,860Z200US10460,ZCTA5 10460,59396,36309,22972,20025,87.17133902141738,0.5883756974581525,543.134217792444,Q1 · lower
10461,27236,17920,860Z200US10461,ZCTA5 10461,52012,67028,19420,17354,89.36148300720906,0.657952709648994,523.6483888333462,Q1 · lower
10462,32463,19842,860Z200US10462,ZCTA5 10462,76320,60966,29723,26544,89.30457894559768,0.6112189261620923,425.3537735849057,Q1 · lower
10463,36871,25518,860Z200US10463,ZCTA5 10463,69470,74974,29349,27059,92.19734914307132,0.692088633343278,530.7470850726933,Q2
10464,2967,1918,860Z200US10464,ZCTA5 10464,3828,103125,1949,1830,93.89430477167778,0.6464442197505899,775.0783699059562,Q3
10465,15982,10686,860Z200US10465,ZCTA5 10465,45404,87985,16372,14848,90.69142438309309,0.6686272056063071,351.99541890582327,Q2
10466,154477,140706,860Z200US10466,ZCTA5 10466,71116,65969,24930,21312,85.48736462093864,0.910854042996692,2172.1834748861015,Q1 · lower
10467,51431,30639,860Z200US10467,ZCTA5 10467,96421,49330,38372,33506,87.31887834879599,0.5957302016293675,533.4004003277294,Q1 · lower
10468,47822,32058,860Z200US10468,ZCTA5 10468,75557,46233,28453,25764,90.54932696025024,0.6703609217514951,632.9261352356499,Q1 · lower
10469,25951,15526,860Z200US10469,ZCTA5 10469,68521,76020,23582,21034,89.19514884233737,0.5982813764402143,378.7306081347324,Q2
10470,11351,7777,860Z200US10470,ZCTA5 10470,16004,90046,6698,6137,91.6243654822335,0.6851378733151264,709.2601849537615,Q3
10471,9933,6450,860Z200US10471,ZCTA5 10471,23798,103046,9331,8651,92.71246383024328,0.6493506493506493,417.388015799647,Q3
10472,26454,15017,860Z200US10472,ZCTA5 10472,64011,41039,22224,17995,80.97102231821455,0.567664625387465,413.2727187514646,Q1 · lower
10473,17760,9921,860Z200US10473,ZCTA5 10473,58855,52462,22839,19600,85.8181181312667,0.5586148648648649,301.7585591708436,Q1 · lower
10474,7486,4155,860Z200US10474,ZCTA5 10474,11270,41586,3899,3294,84.48320082072325,0.5550360673256746,664.2413487133983,Q1 · lower
10475,5334,2707,860Z200US10475,ZCTA5 10475,42578,62712,18821,15927,84.62355879071251,0.5074990626171728,125.27596411292217,Q1 · lower
11001,915,540,860Z200US11001,ZCTA5 11001,25493,150000,8638,8258,95.60083352627923,0.5901639344262295,35.89220570352646,Q4 · higher
11004,2774,1530,860Z200US11004,ZCTA5 11004,13615,115360,5173,4933,95.3605258070752,0.55155010814708,203.74586852735953,Q3
11040,662,385,860Z200US11040,ZCTA5 11040,41988,154696,13916,13214,94.95544696751939,0.581570996978852,15.766409450319138,Q4 · higher
11101,38017,29814,860Z200US11101,ZCTA5 11101,42219,121062,21165,19201,90.72052917552563,0.7842281084777862,900.4713517610554,Q4 · higher
11102,15070,10624,860Z200US11102,ZCTA5 11102,28503,96617,13937,13200,94.71191791633781,0.7049767750497677,528.716275479774,Q3
11103,20203,16110,860Z200US11103,ZCTA5 11103,35163,93324,16701,15899,95.19789234177594,0.797406325793199,574.5527969740921,Q3
11104,10327,6937,860Z200US11104,ZCTA5 11104,26132,80709,12304,11497,93.44115734720417,0.6717342887576256,395.18597887647326,Q2
11105,14554,10453,860Z200US11105,ZCTA5 11105,37936,102012,16200,15313,94.5246913580247,0.7182217946956163,383.6461408688317,Q3
11106,16186,11622,860Z200US11106,ZCTA5 11106,40930,84867,19286,17893,92.77714404231048,0.7180279253676016,395.4556559980454,Q2
11109,857,694,860Z200US11109,ZCTA5 11109,7948,204885,4032,3919,97.19742063492063,0.809801633605601,107.82586814292904,Q4 · higher
11201,40681,34355,860Z200US11201,ZCTA5 11201,70674,173136,34022,32394,95.21486097231204,0.8444974312332538,575.614794691117,Q4 · higher
11203,27806,14419,860Z200US11203,ZCTA5 11203,74817,67897,29238,27080,92.61919419932964,0.5185571459397252,371.6535012096181,Q2
11204,24293,16451,860Z200US11204,ZCTA5 11204,79800,69479,24896,21415,86.01783419023135,0.6771909603589511,304.4235588972431,Q2
11205,23757,15629,860Z200US11205,ZCTA5 11205,51676,93887,17962,15611,86.91125709831867,0.6578692595866481,459.72985525195446,Q3
11206,28376,19308,860Z200US11206,ZCTA5 11206,93020,61430,34813,28969,83.21316749490133,0.6804341697208909,305.05267684368954,Q1 · lower
11207,42737,24401,860Z200US11207,ZCTA5 11207,93198,56523,35658,31043,87.05760278198441,0.5709572501579427,458.5613425180798,Q1 · lower
11208,38027,23078,860Z200US11208,ZCTA5 11208,105428,62077,34395,32373,94.12123855211514,0.6068845820075209,360.6916568653489,Q1 · lower
11209,30208,21745,860Z200US11209,ZCTA5 11209,71004,93854,30410,27883,91.69023347583033,0.7198424258474576,425.4408202354797,Q3
11210,22943,12279,860Z200US11210,ZCTA5 11210,57915,83692,20723,19251,92.89678135405104,0.5351959203242819,396.1495294828628,Q2
11211,31093,21517,860Z200US11211,ZCTA5 11211,65314,107506,28139,24146,85.80973026760013,0.6920207120573763,476.05413846954707,Q3
11212,31910,17239,860Z200US11212,ZCTA5 11212,89020,41355,33052,28074,84.9388841825003,0.5402381698527108,358.4587733093687,Q1 · lower
11213,30202,17446,860Z200US11213,ZCTA5 11213,68846,65127,27360,24192,88.42105263157895,0.5776438646447255,438.6892484675943,Q1 · lower
11214,33953,23676,860Z200US11214,ZCTA5 11214,89397,65895,30852,27709,89.81265396084532,0.697316879215386,379.8002170095193,Q1 · lower
11215,28465,20261,860Z200US11215,ZCTA5 11215,70441,185865,29788,28898,97.01221968577951,0.711786404356227,404.09704575460313,Q4 · higher
11216,29886,19631,860Z200US11216,ZCTA5 11216,60685,101277,27134,25187,92.82450062652023,0.6568627450980392,492.47754799373814,Q3
11217,25799,20670,860Z200US11217,ZCTA5 11217,43490,162863,20307,18925,93.1944649628207,0.8011938447226636,593.216831455507,Q4 · higher
11218,27256,18278,860Z200US11218,ZCTA5 11218,72042,97366,25661,23002,89.63797201979658,0.6706046375110067,378.33486022042695,Q3
11219,19505,11120,860Z200US11219,ZCTA5 11219,94196,58347,24507,17062,69.6209246337781,0.570110228146629,207.0682406896259,Q1 · lower
11220,30482,19597,860Z200US11220,ZCTA5 11220,90652,69883,28420,25133,88.43420126671359,0.642904008923299,336.25292326699906,Q2
11221,35479,21756,860Z200US11221,ZCTA5 11221,91588,85736,36532,32797,89.77608671849337,0.6132078130725218,387.37607546840195,Q2
11222,29888,23640,860Z200US11222,ZCTA5 11222,42853,125734,21316,20302,95.24300994558078,0.7909528907922913,697.4540872284321,Q4 · higher
11223,26666,17290,860Z200US11223,ZCTA5 11223,78093,63368,26478,24245,91.56658357882014,0.6483912097802446,341.4646639263442,Q1 · lower
11224,11953,7407,860Z200US11224,ZCTA5 11224,50822,43648,20478,17231,84.14395937103232,0.6196770685183636,235.1934201723663,Q1 · lower
11225,31401,19483,860Z200US11225,ZCTA5 11225,58158,88568,25014,22736,90.89309986407612,0.6204579471991338,539.9257195914578,Q3
11226,54392,33281,860Z200US11226,ZCTA5 11226,95144,81014,38130,33791,88.62050878573302,0.6118730695690543,571.680820650803,Q2
11228,14967,10429,860Z200US11228,ZCTA5 11228,42241,83665,15007,13972,93.10321849803425,0.6967996258435224,354.3239980114107,Q2
11229,29431,18581,860Z200US11229,ZCTA5 11229,78377,70603,30523,27254,89.29004357369851,0.6313411029186912,375.50556923587277,Q2
11230,32195,19526,860Z200US11230,ZCTA5 11230,86978,70027,31947,27537,86.19588693774062,0.6064916912564062,370.15107268504676,Q2
11231,21181,16888,860Z200US11231,ZCTA5 11231,38276,139930,16783,15615,93.04057677411667,0.7973183513526274,553.3754833315916,Q4 · higher
11232,13606,9679,860Z200US11232,ZCTA5 11232,27816,90891,9309,8695,93.40423246320765,0.7113773335293253,489.14293931550185,Q3
11233,30335,17577,860Z200US11233,ZCTA5 11233,81822,62411,32948,29450,89.38327060823114,0.5794297016647437,370.74380973332353,Q1 · lower
11234,29216,16999,860Z200US11234,ZCTA5 11234,83187,97479,29799,27401,91.95275009228497,0.5818387185104053,351.2087225167394,Q3
11235,32933,21480,860Z200US11235,ZCTA5 11235,78558,59661,34870,30726,88.11585890450245,0.6522333221996174,419.2189210519616,Q1 · lower
11236,24921,13079,860Z200US11236,ZCTA5 11236,88051,81464,31033,28390,91.48325975574389,0.5248184262268769,283.02915355873296,Q2
11237,27222,19732,860Z200US11237,ZCTA5 11237,45334,85196,18228,16822,92.28659205617731,0.7248548967746675,600.4764635814179,Q2
11238,32445,23781,860Z200US11238,ZCTA5 11238,58345,134523,27919,26110,93.52054156667502,0.732963476652797,556.0887822435513,Q4 · higher
11239,13999,11503,860Z200US11239,ZCTA5 11239,16410,38015,8244,6702,81.29548762736536,0.8217015501107222,853.0773918342474,Q1 · lower
11249,13761,9467,860Z200US11249,ZCTA5 11249,47728,123047,17982,15441,85.8692025358692,0.687958723929947,288.32132081796846,Q4 · higher
11354,18453,12100,860Z200US11354,ZCTA5 11354,53028,66010,21846,19947,91.30733315023345,0.6557199371375928,347.9859696763974,Q1 · lower
11355,23102,14980,860Z200US11355,ZCTA5 11355,80801,55326,31078,27288,87.8048780487805,0.6484287074712146,285.9123030655561,Q1 · lower
11356,9702,6463,860Z200US11356,ZCTA5 11356,25824,86730,8171,7781,95.22702239627952,0.6661513090084519,375.69702602230484,Q2
11357,11231,6927,860Z200US11357,ZCTA5 11357,43346,96988,15962,14492,90.7906277408846,0.6167749977740183,259.1011858072256,Q3
11358,13345,8633,860Z200US11358,ZCTA5 11358,37665,88165,13430,12665,94.30379746835443,0.6469089546646685,354.3077127306518,Q2
11360,4273,2593,860Z200US11360,ZCTA5 11360,19469,98875,8974,8479,94.4840650768888,0.6068336063655512,219.47711746879656,Q3
11361,9655,6228,860Z200US11361,ZCTA5 11361,30127,105932,11234,10575,94.13387929499733,0.6450543759709995,320.4766488531882,Q3
11362,3893,2236,860Z200US11362,ZCTA5 11362,18492,122090,7223,6765,93.65914439983386,0.5743642435139995,210.52346960847933,Q4 · higher
11363,2614,1572,860Z200US11363,ZCTA5 11363,7223,125015,2865,2774,96.82373472949389,0.6013771996939556,361.8994877474733,Q4 · higher
11364,8211,5034,860Z200US11364,ZCTA5 11364,35276,98359,13581,12635,93.03438627494293,0.6130800146145414,232.76448576936158,Q3
11365,14196,10111,860Z200US11365,ZCTA5 11365,42322,81258,16384,15261,93.145751953125,0.7122428853198084,335.42838240158784,Q2
11366,27992,26036,860Z200US11366,ZCTA5 11366,13463,135373,4700,4428,94.2127659574468,0.93012289225493,2079.1799747455993,Q4 · higher
11367,11844,7141,860Z200US11367,ZCTA5 11367,40923,75061,14458,13560,93.78890579609904,0.6029213103681189,289.42159665713655,Q2
11368,43706,32572,860Z200US11368,ZCTA5 11368,105716,72270,30079,26331,87.53947937098972,0.7452523680959136,413.42843089030987,Q2
11369,13721,8360,860Z200US11369,ZCTA5 11369,35133,80297,11066,10589,95.68949936743178,0.6092850375337074,390.54450231975636,Q2
11370,8874,5986,860Z200US11370,ZCTA5 11370,30267,76009,9436,8753,92.76176345909283,0.6745548794230336,293.19060362771336,Q2
11372,25467,17561,860Z200US11372,ZCTA5 11372,64756,78606,25399,23267,91.60596873892672,0.6895590371853771,393.276298721354,Q2
11373,25959,17632,860Z200US11373,ZCTA5 11373,98403,71480,32577,29961,91.96979464039046,0.6792249316229438,263.8029328374135,Q2
11374,16303,11032,860Z200US11374,ZCTA5 11374,46989,90631,19625,18211,92.79490445859872,0.6766852726492056,346.953542318415,Q3
11375,20711,14091,860Z200US11375,ZCTA5 11375,76839,105904,34061,32509,95.44346907019758,0.6803630920766742,269.5376046018298,Q3
11377,29266,19730,860Z200US11377,ZCTA5 11377,81690,73073,33612,29577,87.99535880042842,0.6741611426228388,358.25682458073203,Q2
11378,20883,14922,860Z200US11378,ZCTA5 11378,36392,85830,12890,12082,93.73157486423584,0.7145525068237322,573.8349087711586,Q2
11379,14220,9823,860Z200US11379,ZCTA5 11379,36773,93558,14090,12849,91.19233498935415,0.6907876230661041,386.69676121067084,Q3
11385,47059,33606,860Z200US11385,ZCTA5 11385,101704,88838,37778,34982,92.59886706548785,0.7141248220319174,462.70549830881777,Q3
11411,5718,2911,860Z200US11411,ZCTA5 11411,20540,116458,6632,6304,95.05428226779252,0.5090940888422525,278.3836416747809,Q4 · higher
11412,10361,4537,860Z200US11412,ZCTA5 11412,39828,97979,12127,11127,91.75393749484621,0.437892095357591,260.1436175554886,Q3
11413,11992,5343,860Z200US11413,ZCTA5 11413,45965,118440,14014,12756,91.02326245183387,0.4455470313542362,260.8941585989339,Q4 · higher
11414,13255,10149,860Z200US11414,ZCTA5 11414,31308,95051,11346,10325,91.00123391503614,0.765673330818559,423.37421745240835,Q3
11415,6751,4342,860Z200US11415,ZCTA5 11415,21154,86394,9085,8604,94.70555861309852,0.6431639757073027,319.135860830103,Q2
11416,10152,6155,860Z200US11416,ZCTA5 11416,25919,81188,7535,7000,92.899800928998,0.606284475965327,391.68177784636754,Q2
11417,13850,8682,860Z200US11417,ZCTA5 11417,30578,87006,9505,8614,90.6259863229879,0.6268592057761733,452.94002223821053,Q2
11418,12902,7905,860Z200US11418,ZCTA5 11418,35481,90156,11643,10948,94.0307480889805,0.6126957060920788,363.63123925481244,Q3
11419,22108,13398,860Z200US11419,ZCTA5 11419,47441,93399,13300,12243,92.05263157894737,0.6060249683372535,466.0104129339601,Q3
11420,24125,14654,860Z200US11420,ZCTA5 11420,49415,100006,14001,13178,94.12184843939718,0.607419689119171,488.21208135181627,Q3
11421,21668,16312,860Z200US11421,ZCTA5 11421,40612,90685,12112,11288,93.19682959048878,0.7528152113716079,533.5368856495617,Q3
11422,8698,3743,860Z200US11422,ZCTA5 11422,33757,114697,10325,9764,94.56658595641646,0.43032881122097033,257.6650768729449,Q3
11423,9641,5059,860Z200US11423,ZCTA5 11423,28534,80054,9623,8594,89.30686895978384,0.5247380977077066,337.87761968178313,Q2
11426,5350,2898,860Z200US11426,ZCTA5 11426,19411,103533,6397,5783,90.4017508206972,0.5416822429906542,275.6169182422338,Q3
11427,5566,2842,860Z200US11427,ZCTA5 11427,24607,88980,8321,7703,92.57300805191684,0.510600071864894,226.19579794367456,Q3
11428,6135,3527,860Z200US11428,ZCTA5 11428,19028,91296,5946,5334,89.70736629667003,0.5748981255093725,322.41959217994537,Q3
11429,9064,5163,860Z200US11429,ZCTA5 11429,26832,102880,8136,7363,90.49901671583088,0.5696160635481023,337.80560524746573,Q3
11432,25581,17595,860Z200US11432,ZCTA5 11432,62892,74096,20793,19004,91.39614293271774,0.6878151753254369,406.7448960122114,Q2
11433,16054,9720,860Z200US11433,ZCTA5 11433,37884,77519,11214,10420,92.9195648296772,0.6054565840289025,423.7672896209482,Q2
11434,18310,8858,860Z200US11434,ZCTA5 11434,68263,77598,22851,21475,93.9783816900792,0.4837793555434189,268.22729736460457,Q2
11435,21062,12917,860Z200US11435,ZCTA5 11435,56826,79710,20083,18992,94.56754468953842,0.6132845883581806,370.6401999084926,Q2
11436,8128,4565,860Z200US11436,ZCTA5 11436,22527,88047,6568,5812,88.489646772229,0.561638779527559,360.8114706796289,Q2
11691,18144,10092,860Z200US11691,ZCTA5 11691,69359,56135,23039,20449,88.75819262988846,0.5562169312169312,261.5954670626739,Q1 · lower
11692,5310,2850,860Z200US11692,ZCTA5 11692,22734,49720,8070,7270,90.08674101610904,0.536723163841808,233.57086302454474,Q1 · lower
11693,4415,3075,860Z200US11693,ZCTA5 11693,13244,68449,5559,5176,93.11027163158842,0.6964892412231031,333.3585019631531,Q2
11694,7778,5011,860Z200US11694,ZCTA5 11694,21489,111011,8165,7808,95.62767911818739,0.6442530213422474,361.9526269254037,Q3
11697,165,111,860Z200US11697,ZCTA5 11697,4429,122667,1870,1787,95.56149732620321,0.6727272727272727,37.25445924587943,Q4 · higher
