iso3,country,region,income_group,electricity_access_percent,fixed_broadband_per_100,internet_users_percent,secure_servers_per_million,electricity_access_percent_year,fixed_broadband_per_100_year,internet_users_percent_year,secure_servers_per_million_year,complete_latest_window,within_country_vintage_span_years
ABW,Aruba,Latin America & Caribbean ,High income,100.0,17.4862221892338,,1574.14695124774,2024.0,2022.0,,2024.0,False,2.0
AFG,Afghanistan,"Middle East, North Africa, Afghanistan & Pakistan",Low income,87.8,0.0800873028793967,16.09499931,41.0575140034026,2024.0,2023.0,2024.0,2024.0,True,1.0
AGO,Angola,Sub-Saharan Africa ,Lower middle income,55.5,0.362845240712436,40.70479965,48.5141563014729,2024.0,2024.0,2024.0,2024.0,True,0.0
ALB,Albania,Europe & Central Asia,Upper middle income,100.0,24.8815713356962,85.86389923,1512.74983930188,2024.0,2024.0,2024.0,2024.0,True,0.0
AND,Andorra,Europe & Central Asia,High income,100.0,52.3554394786302,94.39759827,17623.0808660206,2024.0,2024.0,2024.0,2024.0,True,0.0
ARE,United Arab Emirates,"Middle East, North Africa, Afghanistan & Pakistan",High income,100.0,40.840113505519,100.0,4192.27408432243,2024.0,2024.0,2024.0,2024.0,True,0.0
ARG,Argentina,Latin America & Caribbean ,Upper middle income,98.4,26.0976420359532,89.66715228,5453.43428098629,2024.0,2024.0,2024.0,2024.0,True,0.0
ARM,Armenia,Europe & Central Asia,Upper middle income,100.0,20.3090953111129,81.33930206,1735.28926982034,2024.0,2024.0,2024.0,2024.0,True,0.0
ASM,American Samoa,East Asia & Pacific,High income,,,,513.204319469689,,,,2024.0,False,0.0
ATG,Antigua and Barbuda,Latin America & Caribbean ,High income,100.0,10.6818181818182,72.73040009,970.438936996118,2024.0,2022.0,2024.0,2024.0,True,2.0
AUS,Australia,East Asia & Pacific,High income,100.0,36.4788276060473,96.13140106,44299.3061115854,2024.0,2024.0,2024.0,2024.0,True,0.0
AUT,Austria,Europe & Central Asia,High income,100.0,30.12779672163,94.91974877,47132.0383936251,2024.0,2024.0,2024.0,2024.0,True,0.0
AZE,Azerbaijan,Europe & Central Asia,Upper middle income,100.0,21.7534102440295,90.43979645,541.026362293599,2024.0,2024.0,2024.0,2024.0,True,0.0
BDI,Burundi,Sub-Saharan Africa ,Low income,20.1,0.0203441336211462,8.595999718,10.6066536036355,2024.0,2023.0,2024.0,2024.0,True,1.0
BEL,Belgium,Europe & Central Asia,High income,100.0,44.2321563183446,95.77579144,36731.8766702,2024.0,2024.0,2024.0,2024.0,True,0.0
BEN,Benin,Sub-Saharan Africa ,Lower middle income,59.0,0.277382047807868,33.98379898,20.3972640285468,2024.0,2024.0,2024.0,2024.0,True,0.0
BFA,Burkina Faso,Sub-Saharan Africa ,Low income,34.0,0.851360416490348,28.25270081,28.8337642615132,2024.0,2024.0,2024.0,2024.0,True,0.0
BGD,Bangladesh,South Asia,Lower middle income,99.5,8.08931134401926,53.42171316,527.061270034326,2024.0,2024.0,2024.0,2024.0,True,0.0
BGR,Bulgaria,Europe & Central Asia,High income,100.0,37.0235717545079,82.438955,50750.6030113542,2024.0,2023.0,2024.0,2024.0,True,1.0
BHR,Bahrain,"Middle East, North Africa, Afghanistan & Pakistan",High income,100.0,16.9915789748788,100.0,7064.39978094884,2024.0,2024.0,2024.0,2024.0,True,0.0
BHS,"Bahamas, The",Latin America & Caribbean ,High income,100.0,25.2679530406222,92.47270203,6354.61756416295,2024.0,2024.0,2024.0,2024.0,True,0.0
BIH,Bosnia and Herzegovina,Europe & Central Asia,Upper middle income,100.0,29.3909178564419,86.10091103,5554.23349523568,2024.0,2024.0,2024.0,2024.0,True,0.0
BLR,Belarus,Europe & Central Asia,Upper middle income,100.0,36.2627055164488,94.26182128,12729.5218058239,2024.0,2024.0,2024.0,2024.0,True,0.0
BLZ,Belize,Latin America & Caribbean ,Upper middle income,99.6,9.75385677359442,80.00582262,464560.075958108,2024.0,2022.0,2024.0,2024.0,True,2.0
BMU,Bermuda,North America,High income,100.0,51.3026796212637,,4347.42248901541,2024.0,2024.0,,2024.0,False,0.0
BOL,Bolivia,Latin America & Caribbean ,Lower middle income,96.6,12.0711429622144,79.70469666,364.447369618833,2024.0,2024.0,2024.0,2024.0,True,0.0
BRA,Brazil,Latin America & Caribbean ,Upper middle income,99.8,24.079199344422,84.46347227,6941.17408045006,2024.0,2024.0,2024.0,2024.0,True,0.0
BRB,Barbados,Latin America & Caribbean ,High income,100.0,37.4843261853654,70.36470032,1171.81830089887,2024.0,2022.0,2024.0,2024.0,True,2.0
BRN,Brunei Darussalam,East Asia & Pacific,High income,100.0,21.1771240120937,96.29828801,16128.509404155,2024.0,2024.0,2024.0,2024.0,True,0.0
BTN,Bhutan,South Asia,Lower middle income,100.0,2.92069476099272,91.27739716,1339.18870432229,2024.0,2024.0,2024.0,2024.0,True,0.0
BWA,Botswana,Sub-Saharan Africa ,Upper middle income,80.2,7.4409622000215,57.45950036,471.215589461747,2024.0,2024.0,2024.0,2024.0,True,0.0
CAF,Central African Republic,Sub-Saharan Africa ,Low income,18.2,0.0160846160651184,13.78250027,1.68833678191754,2024.0,2022.0,2024.0,2024.0,True,2.0
CAN,Canada,North America,High income,100.0,42.5238215177079,94.353302,39738.0380540323,2024.0,2024.0,2024.0,2024.0,True,0.0
CHE,Switzerland,Europe & Central Asia,High income,100.0,47.0197818175134,97.3443985,167357.645513638,2024.0,2024.0,2024.0,2024.0,True,0.0
CHI,Channel Islands,Europe & Central Asia,High income,100.0,,,,2024.0,,,,False,0.0
CHL,Chile,Latin America & Caribbean ,High income,99.0,23.731405742065,95.590243,11912.6095617298,2024.0,2024.0,2024.0,2024.0,True,0.0
CHN,China,East Asia & Pacific,Upper middle income,100.0,47.1933952081567,92.0,1413.32103124612,2024.0,2024.0,2024.0,2024.0,True,0.0
CIV,Cote d'Ivoire,Sub-Saharan Africa ,Lower middle income,72.9,1.60153227430253,41.43219902,60.7498599465213,2024.0,2024.0,2024.0,2024.0,True,0.0
CMR,Cameroon,Sub-Saharan Africa ,Lower middle income,72.0,2.12862474053,46.25880051,25.168467350901,2024.0,2022.0,2024.0,2024.0,True,2.0
COD,"Congo, Dem. Rep.",Sub-Saharan Africa ,Low income,22.5,0.0320289131404702,19.67350006,9.66358065038185,2024.0,2024.0,2024.0,2024.0,True,0.0
COG,"Congo, Rep.",Sub-Saharan Africa ,Lower middle income,53.0,1.26798412068153,47.25159836,16.5799220933146,2024.0,2023.0,2024.0,2024.0,True,1.0
COL,Colombia,Latin America & Caribbean ,Upper middle income,98.9,17.2244156778185,79.34543299,1126.20714719974,2024.0,2024.0,2024.0,2024.0,True,0.0
COM,Comoros,Sub-Saharan Africa ,Lower middle income,91.7,0.387941019794517,32.51750183,16.1545668960615,2024.0,2023.0,2024.0,2024.0,True,1.0
CPV,Cabo Verde,Sub-Saharan Africa ,Upper middle income,98.4,8.30537440200276,74.73519897,857.34372052881,2024.0,2024.0,2024.0,2024.0,True,0.0
CRI,Costa Rica,Latin America & Caribbean ,High income,99.8,23.287699004466,87.17019653,1999.84015314109,2024.0,2024.0,2024.0,2024.0,True,0.0
CUB,Cuba,Latin America & Caribbean ,Upper middle income,100.0,3.08297531927544,70.47699738,192.535681260732,2024.0,2024.0,2024.0,2024.0,True,0.0
CUW,Curacao,Latin America & Caribbean ,High income,100.0,31.5126707545287,,5071.58565594004,2024.0,2023.0,,2024.0,False,1.0
CYM,Cayman Islands,Latin America & Caribbean ,High income,100.0,56.3604363676998,,26673.1133405858,2024.0,2022.0,,2024.0,False,2.0
CYP,Cyprus,Europe & Central Asia,High income,100.0,37.5627069536424,89.60099246,221297.933713323,2024.0,2024.0,2024.0,2024.0,True,0.0
CZE,Czechia,Europe & Central Asia,High income,100.0,38.8656371139002,87.68776014,79335.8806598204,2024.0,2024.0,2024.0,2024.0,True,0.0
DEU,Germany,Europe & Central Asia,High income,100.0,45.6069242965787,93.49999579,152113.844011812,2024.0,2024.0,2024.0,2024.0,True,0.0
DJI,Djibouti,"Middle East, North Africa, Afghanistan & Pakistan",Lower middle income,69.2,1.47205761945073,65.29889679,114.655153235757,2024.0,2023.0,2024.0,2024.0,True,1.0
DMA,Dominica,Latin America & Caribbean ,Upper middle income,100.0,20.86014425523,82.04689789,62865.3424967903,2024.0,2022.0,2024.0,2024.0,True,2.0
DNK,Denmark,Europe & Central Asia,High income,100.0,43.3933280824544,99.76915157,246545.586810222,2024.0,2024.0,2024.0,2024.0,True,0.0
DOM,Dominican Republic,Latin America & Caribbean ,Upper middle income,99.5,11.2045645451604,91.0022446,180.878555232759,2024.0,2024.0,2024.0,2024.0,True,0.0
DZA,Algeria,"Middle East, North Africa, Afghanistan & Pakistan",Upper middle income,100.0,13.3173088877016,77.4178009,119.343855301674,2024.0,2024.0,2024.0,2024.0,True,0.0
ECU,Ecuador,Latin America & Caribbean ,Upper middle income,98.5,17.246394056997,77.17273115,490.861062498601,2024.0,2024.0,2024.0,2024.0,True,0.0
EGY,"Egypt, Arab Rep.","Middle East, North Africa, Afghanistan & Pakistan",Lower middle income,100.0,11.6871225241757,74.64839935,82.2047640355153,2024.0,2024.0,2024.0,2024.0,True,0.0
ERI,Eritrea,Sub-Saharan Africa ,Low income,55.3,0.165393390775689,14.34939957,1.97986029540081,2024.0,2022.0,2020.0,2024.0,True,4.0
ESP,Spain,Europe & Central Asia,High income,100.0,39.2337541858756,95.7574516,29986.3824811398,2024.0,2024.0,2024.0,2024.0,True,0.0
EST,Estonia,Europe & Central Asia,High income,100.0,35.3527186879385,92.23796204,139022.298393767,2024.0,2024.0,2024.0,2024.0,True,0.0
ETH,Ethiopia,Sub-Saharan Africa ,Low income,56.6,0.593917449513598,21.94129944,23.7316790056127,2024.0,2024.0,2024.0,2024.0,True,0.0
FIN,Finland,Europe & Central Asia,High income,100.0,36.4765341417867,93.72405196,177933.600727841,2024.0,2024.0,2024.0,2024.0,True,0.0
FJI,Fiji,East Asia & Pacific,Upper middle income,95.9,1.80009560888215,74.7052002,221.795379765371,2024.0,2024.0,2024.0,2024.0,True,0.0
FRA,France,Europe & Central Asia,High income,100.0,48.9251978969333,88.65381638,57274.6363971705,2024.0,2024.0,2024.0,2024.0,True,0.0
FRO,Faroe Islands,Europe & Central Asia,High income,100.0,34.5873988631945,,11420.2049780381,2024.0,2022.0,,2024.0,False,2.0
FSM,"Micronesia, Fed. Sts.",East Asia & Pacific,Upper middle income,88.9,5.81818506163369,39.52360153,194.414987628137,2024.0,2022.0,2024.0,2024.0,True,2.0
GAB,Gabon,Sub-Saharan Africa ,Upper middle income,95.1,4.6941021334787,68.72090149,87.0437881456601,2024.0,2024.0,2024.0,2024.0,True,0.0
GBR,United Kingdom,Europe & Central Asia,High income,100.0,42.1648283773461,95.4720993,68394.8557324519,2024.0,2024.0,2024.0,2024.0,True,0.0
GEO,Georgia,Europe & Central Asia,Upper middle income,100.0,30.4157660721649,83.79855689,5293.35205761652,2024.0,2024.0,2024.0,2024.0,True,0.0
GHA,Ghana,Sub-Saharan Africa ,Lower middle income,91.9,0.664728986034211,72.17569733,48.9145074910361,2024.0,2024.0,2024.0,2024.0,True,0.0
GIB,Gibraltar,Europe & Central Asia,High income,100.0,60.9747666781887,,8187.34267334537,2024.0,2022.0,,2024.0,False,2.0
GIN,Guinea,Sub-Saharan Africa ,Lower middle income,53.8,0.00627528568380372,33.30469894,12.2672068756,2024.0,2022.0,2024.0,2024.0,True,2.0
GMB,"Gambia, The",Sub-Saharan Africa ,Low income,69.0,0.518552979215852,49.49430084,58.6959073735103,2024.0,2024.0,2024.0,2024.0,True,0.0
GNB,Guinea-Bissau,Sub-Saharan Africa ,Low income,43.7,0.386080917545218,29.77739906,10.9023908943231,2024.0,2024.0,2024.0,2024.0,True,0.0
GNQ,Equatorial Guinea,Sub-Saharan Africa ,Upper middle income,65.1,0.10069058437688,63.29930115,66.5780368567558,2024.0,2022.0,2024.0,2024.0,True,2.0
GRC,Greece,Europe & Central Asia,High income,100.0,44.6759828527928,86.26968886,15657.9434729048,2024.0,2024.0,2024.0,2024.0,True,0.0
GRD,Grenada,Latin America & Caribbean ,Upper middle income,95.6,29.767433903843,70.16159821,742.276485192864,2024.0,2022.0,2024.0,2024.0,True,2.0
GRL,Greenland,Europe & Central Asia,High income,100.0,31.9842829076621,,3905.97508621296,2024.0,2022.0,,2024.0,False,2.0
GTM,Guatemala,Latin America & Caribbean ,Upper middle income,90.9,5.33792153027114,60.22140121,109.147061621475,2024.0,2024.0,2024.0,2024.0,True,0.0
GUM,Guam,East Asia & Pacific,High income,100.0,1.8392057149776,,1299.34377179232,2024.0,2022.0,,2024.0,False,2.0
GUY,Guyana,Latin America & Caribbean ,High income,93.0,12.9356394612219,83.00080109,175.673545609545,2024.0,2022.0,2024.0,2024.0,True,2.0
HKG,"Hong Kong SAR, China",East Asia & Pacific,High income,100.0,40.2724025338679,95.75536971,156139.206017995,2024.0,2024.0,2024.0,2024.0,True,0.0
HND,Honduras,Latin America & Caribbean ,Lower middle income,95.5,4.57914834722512,58.62269974,148.812506679705,2024.0,2024.0,2024.0,2024.0,True,0.0
HRV,Croatia,Europe & Central Asia,High income,100.0,29.5997367962687,83.63240029,29458.6415601883,2024.0,2024.0,2024.0,2024.0,True,0.0
HTI,Haiti,Latin America & Caribbean ,Lower middle income,53.9,0.306790757611135,47.8614006,7.72984152890489,2024.0,2022.0,2024.0,2024.0,True,2.0
HUN,Hungary,Europe & Central Asia,High income,100.0,37.542262483936,93.77898628,55077.4335878286,2024.0,2024.0,2024.0,2024.0,True,0.0
IDN,Indonesia,East Asia & Pacific,Upper middle income,99.9,4.92196685438436,72.78075544,2939.49021766292,2024.0,2024.0,2024.0,2024.0,True,0.0
IMN,Isle of Man,Europe & Central Asia,High income,100.0,,,21364.0684410646,2024.0,,,2024.0,False,0.0
IND,India,South Asia,Lower middle income,99.9,3.15046250037677,64.9434967,1212.44166069372,2024.0,2024.0,2024.0,2024.0,True,0.0
IRL,Ireland,Europe & Central Asia,High income,100.0,32.3023693358176,97.18769836,121467.84808156,2024.0,2024.0,2024.0,2024.0,True,0.0
IRN,"Iran, Islamic Rep.","Middle East, North Africa, Afghanistan & Pakistan",Upper middle income,100.0,12.0603874696566,85.3404007,7225.71087209777,2024.0,2024.0,2024.0,2024.0,True,0.0
IRQ,Iraq,"Middle East, North Africa, Afghanistan & Pakistan",Upper middle income,100.0,17.6333290365333,81.47450256,34.5119560905403,2024.0,2024.0,2024.0,2024.0,True,0.0
ISL,Iceland,Europe & Central Asia,High income,100.0,37.5242757933482,98.209198,88084.0142197016,2024.0,2024.0,2024.0,2024.0,True,0.0
ISR,Israel,"Middle East, North Africa, Afghanistan & Pakistan",High income,100.0,29.1837101461688,88.18242225,12318.6898882246,2024.0,2024.0,2024.0,2024.0,True,0.0
ITA,Italy,Europe & Central Asia,High income,100.0,31.7807732477772,89.2207202,30647.1608155582,2024.0,2024.0,2024.0,2024.0,True,0.0
JAM,Jamaica,Latin America & Caribbean ,Upper middle income,97.7,15.981614377416,90.10870361,191.957170656969,2024.0,2024.0,2024.0,2024.0,True,0.0
JOR,Jordan,"Middle East, North Africa, Afghanistan & Pakistan",Upper middle income,100.0,7.01801006087142,95.62244985,212.241523236292,2024.0,2024.0,2024.0,2024.0,True,0.0
JPN,Japan,East Asia & Pacific,High income,100.0,38.6312383711286,85.54153081,32928.7580837326,2024.0,2023.0,2024.0,2024.0,True,1.0
KAZ,Kazakhstan,Europe & Central Asia,Upper middle income,100.0,15.3162031103353,93.39167254,6914.14394055021,2024.0,2024.0,2024.0,2024.0,True,0.0
KEN,Kenya,Sub-Saharan Africa ,Lower middle income,77.0,3.04382666975517,34.97622513,399.695610422168,2024.0,2024.0,2024.0,2024.0,True,0.0
KGZ,Kyrgyz Republic,Europe & Central Asia,Lower middle income,100.0,7.79695655822307,92.0286026,1301.74076845492,2024.0,2024.0,2024.0,2024.0,True,0.0
KHM,Cambodia,East Asia & Pacific,Lower middle income,99.2,4.14566160137529,68.47530365,817.289111657873,2024.0,2024.0,2024.0,2024.0,True,0.0
KIR,Kiribati,East Asia & Pacific,Lower middle income,97.7,0.0349395619917037,89.44029999,22.3018480798109,2024.0,2024.0,2024.0,2024.0,True,0.0
KNA,St. Kitts and Nevis,Latin America & Caribbean ,High income,100.0,46.7447387013209,76.88400269,11720.0008539163,2024.0,2022.0,2024.0,2024.0,True,2.0
KOR,"Korea, Rep.",East Asia & Pacific,High income,100.0,47.8014965507867,97.89563777,11902.38307173,2024.0,2024.0,2024.0,2024.0,True,0.0
KWT,Kuwait,"Middle East, North Africa, Afghanistan & Pakistan",High income,100.0,1.01366418243269,99.74729919,384.296289580527,2024.0,2023.0,2024.0,2024.0,True,1.0
LAO,Lao PDR,East Asia & Pacific,Lower middle income,96.5,2.72021122524182,65.59269714,301.680129228236,2024.0,2023.0,2024.0,2024.0,True,1.0
LBN,Lebanon,"Middle East, North Africa, Afghanistan & Pakistan",Lower middle income,100.0,7.29166684799988,80.63400269,267.311429182623,2024.0,2022.0,2024.0,2024.0,True,2.0
LBR,Liberia,Sub-Saharan Africa ,Low income,34.9,0.274673226516174,32.23360062,13.0059469246904,2024.0,2022.0,2024.0,2024.0,True,2.0
LBY,Libya,"Middle East, North Africa, Afghanistan & Pakistan",Upper middle income,77.4,4.51840823499527,81.95449829,388.564024255174,2024.0,2022.0,2024.0,2024.0,True,2.0
LCA,St. Lucia,Latin America & Caribbean ,Upper middle income,100.0,13.571912004072,68.20500183,734.377781734022,2024.0,2022.0,2024.0,2024.0,True,2.0
LIE,Liechtenstein,Europe & Central Asia,High income,100.0,50.0050163029847,98.2641983,60321.3844252163,2024.0,2024.0,2024.0,2024.0,True,0.0
LKA,Sri Lanka,South Asia,Upper middle income,100.0,8.4682688580745,54.59,448.71326884468,2024.0,2024.0,2024.0,2024.0,True,0.0
LSO,Lesotho,Sub-Saharan Africa ,Lower middle income,60.6,0.379434958926989,51.79660034,85.9921374950105,2024.0,2024.0,2024.0,2024.0,True,0.0
LTU,Lithuania,Europe & Central Asia,High income,100.0,27.8460080234758,89.16116293,98553.1863622546,2024.0,2024.0,2024.0,2024.0,True,0.0
LUX,Luxembourg,Europe & Central Asia,High income,100.0,40.3174570156723,98.7606147,58437.6643250046,2024.0,2024.0,2024.0,2024.0,True,0.0
LVA,Latvia,Europe & Central Asia,High income,100.0,25.7542854181725,92.70757011,28218.3820582126,2024.0,2024.0,2024.0,2024.0,True,0.0
MAC,"Macao SAR, China",East Asia & Pacific,High income,100.0,29.8553859567768,89.82640076,6586.60844250364,2024.0,2024.0,2024.0,2024.0,True,0.0
MAF,St. Martin (French part),Latin America & Caribbean ,High income,100.0,,,2411.11408779517,2024.0,,,2024.0,False,0.0
MAR,Morocco,"Middle East, North Africa, Afghanistan & Pakistan",Lower middle income,100.0,7.30282126551091,91.2,577.319401374532,2024.0,2024.0,2024.0,2024.0,True,0.0
MCO,Monaco,Europe & Central Asia,High income,100.0,55.6780823690818,99.04489899,41495.1722709741,2024.0,2024.0,2024.0,2024.0,True,0.0
MDA,Moldova,Europe & Central Asia,Upper middle income,100.0,29.6324400873685,77.3687973,13318.0369195265,2024.0,2024.0,2024.0,2024.0,True,0.0
MDG,Madagascar,Sub-Saharan Africa ,Low income,42.5,0.124487385085979,18.67790031,25.0586924005151,2024.0,2023.0,2024.0,2024.0,True,1.0
MDV,Maldives,South Asia,Upper middle income,100.0,19.6489572735075,85.23999786,1330.05178107575,2024.0,2024.0,2024.0,2024.0,True,0.0
MEX,Mexico,Latin America & Caribbean ,Upper middle income,99.8,21.7367225364543,83.12233799,531.655697865752,2024.0,2024.0,2024.0,2024.0,True,0.0
MHL,Marshall Islands,East Asia & Pacific,Upper middle income,97.2,2.35047533498016,65.915802,213.060615745179,2024.0,2022.0,2024.0,2024.0,True,2.0
MKD,North Macedonia,Europe & Central Asia,Upper middle income,100.0,29.8921727758887,93.6,2068.12365329412,2024.0,2024.0,2024.0,2024.0,True,0.0
MLI,Mali,Sub-Saharan Africa ,Low income,49.5,0.774220028570636,36.80149841,20.9979371773584,2024.0,2022.0,2024.0,2024.0,True,2.0
MLT,Malta,"Middle East, North Africa, Afghanistan & Pakistan",High income,100.0,44.5068355303026,93.86029816,4507.36313982494,2024.0,2024.0,2024.0,2024.0,True,0.0
MMR,Myanmar,East Asia & Pacific,Lower middle income,80.4,2.86965759378273,45.4477005,23.596290875918,2024.0,2024.0,2020.0,2024.0,True,4.0
MNE,Montenegro,Europe & Central Asia,Upper middle income,100.0,32.305369479654,88.88258428,6424.76243935688,2024.0,2024.0,2024.0,2024.0,True,0.0
MNG,Mongolia,East Asia & Pacific,Upper middle income,99.1,15.7837343261767,85.12349701,2564.12584246201,2024.0,2024.0,2024.0,2024.0,True,0.0
MNP,Northern Mariana Islands,East Asia & Pacific,High income,100.0,,,1445.41307195447,2024.0,,,2024.0,False,0.0
MOZ,Mozambique,Sub-Saharan Africa ,Low income,36.9,0.141999688956087,20.52729988,37.1624132595491,2024.0,2024.0,2024.0,2024.0,True,0.0
MRT,Mauritania,Sub-Saharan Africa ,Lower middle income,52.2,0.946513083252489,45.77939987,52.2304834511582,2024.0,2024.0,2024.0,2024.0,True,0.0
MUS,Mauritius,Sub-Saharan Africa ,Upper middle income,100.0,27.9742504733832,73.30793533,2157.68607433582,2024.0,2024.0,2024.0,2024.0,True,0.0
MWI,Malawi,Sub-Saharan Africa ,Low income,15.6,0.0863853749149284,18.96159935,32.4632055194284,2024.0,2024.0,2024.0,2024.0,True,0.0
MYS,Malaysia,East Asia & Pacific,Upper middle income,100.0,13.5464432669708,98.0206059,7475.46106293289,2024.0,2024.0,2024.0,2024.0,True,0.0
NAM,Namibia,Sub-Saharan Africa ,Lower middle income,59.3,2.83462992194067,64.87460327,427.374262036856,2024.0,2024.0,2024.0,2024.0,True,0.0
NCL,New Caledonia,East Asia & Pacific,High income,100.0,19.372882005273,,7541.71521909247,2024.0,2022.0,,2024.0,False,2.0
NER,Niger,Sub-Saharan Africa ,Low income,21.3,0.111273829357144,15.55760002,5.2159607511161,2024.0,2024.0,2024.0,2024.0,True,0.0
NGA,Nigeria,Sub-Saharan Africa ,Lower middle income,62.5,0.0787379280608494,41.21139908,98.36277868906,2024.0,2024.0,2024.0,2024.0,True,0.0
NIC,Nicaragua,Latin America & Caribbean ,Lower middle income,88.7,5.77624223916809,61.39550018,93.9830599149236,2024.0,2024.0,2024.0,2024.0,True,0.0
NLD,Netherlands,Europe & Central Asia,High income,100.0,42.9782483069868,97.00679779,198682.41199523,2024.0,2024.0,2024.0,2024.0,True,0.0
NOR,Norway,Europe & Central Asia,High income,100.0,45.1633056345554,99.0,35469.8678942673,2024.0,2024.0,2024.0,2024.0,True,0.0
NPL,Nepal,South Asia,Lower middle income,97.9,10.0656152054494,46.32189941,541.228652445205,2024.0,2024.0,2024.0,2024.0,True,0.0
NRU,Naoero,East Asia & Pacific,High income,100.0,9.95678332344717,83.01170349,669.624173432661,2024.0,2022.0,2024.0,2024.0,True,2.0
NZL,New Zealand,East Asia & Pacific,High income,100.0,38.048298946057,93.51930237,18709.4517958412,2024.0,2024.0,2024.0,2024.0,True,0.0
OMN,Oman,"Middle East, North Africa, Afghanistan & Pakistan",High income,100.0,11.0647690464367,95.25174678,286.658923972525,2024.0,2024.0,2024.0,2024.0,True,0.0
PAK,Pakistan,"Middle East, North Africa, Afghanistan & Pakistan",Lower middle income,95.7,1.46559368502535,57.253,109.651337877655,2024.0,2024.0,2024.0,2024.0,True,0.0
PAN,Panama,Latin America & Caribbean ,High income,96.0,18.1341265585334,72.77149963,2234.48741988012,2024.0,2023.0,2024.0,2024.0,True,1.0
PER,Peru,Latin America & Caribbean ,Upper middle income,96.5,11.6788671222106,81.95705992,826.790743824685,2024.0,2024.0,2024.0,2024.0,True,0.0
PHL,Philippines,East Asia & Pacific,Upper middle income,94.8,7.13893301204977,67.26300914,131.556605552984,2024.0,2024.0,2024.0,2024.0,True,0.0
PLW,Palau,East Asia & Pacific,High income,100.0,7.33344615558188,83.92549896,1469.3416219271,2024.0,2023.0,2024.0,2024.0,True,1.0
PNG,Papua New Guinea,East Asia & Pacific,Lower middle income,43.3,0.232591077844073,18.81159973,88.1198717685677,2024.0,2024.0,2024.0,2024.0,True,0.0
POL,Poland,Europe & Central Asia,High income,100.0,25.3612522999634,88.58496367,41131.8530670488,2024.0,2024.0,2024.0,2024.0,True,0.0
PRI,Puerto Rico (US),Latin America & Caribbean ,High income,100.0,27.9891394865962,87.29178106,471.191289612152,2024.0,2024.0,2022.0,2024.0,True,2.0
PRK,"Korea, Dem. People's Rep.",East Asia & Pacific,Low income,61.4,,,10.4155569475671,2024.0,,,2024.0,False,0.0
PRT,Portugal,Europe & Central Asia,High income,100.0,45.2439221846256,88.48704454,28710.2532558007,2024.0,2024.0,2024.0,2024.0,True,0.0
PRY,Paraguay,Latin America & Caribbean ,Upper middle income,99.8,12.8835504093571,81.57806793,775.275131029723,2024.0,2023.0,2024.0,2024.0,True,1.0
PSE,West Bank and Gaza,"Middle East, North Africa, Afghanistan & Pakistan",Lower middle income,100.0,8.16158042217888,86.63765334,427.100601381847,2024.0,2024.0,2023.0,2024.0,True,1.0
PYF,French Polynesia,East Asia & Pacific,High income,100.0,35.5533975056738,,2771.40028459194,2024.0,2023.0,,2024.0,False,1.0
QAT,Qatar,"Middle East, North Africa, Afghanistan & Pakistan",High income,100.0,11.8175200751339,98.08540344,445.444117933167,2024.0,2024.0,2024.0,2024.0,True,0.0
ROU,Romania,Europe & Central Asia,High income,100.0,35.7995871488999,91.29048551,27229.5998846093,2024.0,2024.0,2024.0,2024.0,True,0.0
RUS,Russian Federation,Europe & Central Asia,High income,100.0,27.1333512124875,94.36495368,26105.3190580658,2024.0,2024.0,2024.0,2024.0,True,0.0
RWA,Rwanda,Sub-Saharan Africa ,Low income,72.0,0.595648307197658,31.70330048,160.978445933022,2024.0,2024.0,2024.0,2024.0,True,0.0
SAU,Saudi Arabia,"Middle East, North Africa, Afghanistan & Pakistan",High income,100.0,44.0705800179885,100.0,482.77237461006,2024.0,2024.0,2024.0,2024.0,True,0.0
SDN,Sudan,Sub-Saharan Africa ,Low income,66.0,0.0604394040047428,,2.3984635719866,2024.0,2022.0,,2024.0,False,2.0
SEN,Senegal,Sub-Saharan Africa ,Lower middle income,82.9,4.03828584004829,60.11780167,59.615228291193,2024.0,2024.0,2024.0,2024.0,True,0.0
SGP,Singapore,East Asia & Pacific,High income,100.0,27.813655026664,94.37757178,209665.455220098,2024.0,2024.0,2024.0,2024.0,True,0.0
SLB,Solomon Islands,East Asia & Pacific,Lower middle income,81.5,0.107033208461257,29.04070091,80.566602945808,2024.0,2022.0,2024.0,2024.0,True,2.0
SLE,Sierra Leone,Sub-Saharan Africa ,Low income,39.2,0.00227311979020093,25.10499954,11.339938731931,2024.0,2021.0,2024.0,2024.0,True,3.0
SLV,El Salvador,Latin America & Caribbean ,Upper middle income,98.7,12.4640729621203,66.47769928,191.221693627821,2024.0,2024.0,2024.0,2024.0,True,0.0
SMR,San Marino,Europe & Central Asia,High income,100.0,35.7876210032268,97.35220337,36024.3694263767,2024.0,2022.0,2024.0,2024.0,True,2.0
SOM,"Somalia, Fed. Rep.",Sub-Saharan Africa ,Low income,54.4,0.722963033976147,27.94020081,13.9932604038971,2024.0,2023.0,2024.0,2024.0,True,1.0
SRB,Serbia,Europe & Central Asia,Upper middle income,100.0,33.3746847922718,87.69071294,12941.8220001105,2024.0,2024.0,2024.0,2024.0,True,0.0
SSD,South Sudan,Sub-Saharan Africa ,Low income,5.4,0.00174164840403178,,5.2748763167096,2024.0,2023.0,,2024.0,False,1.0
STP,Sao Tome and Principe,Sub-Saharan Africa ,Lower middle income,77.7,2.9940221452347,59.11759949,42.4563548671965,2024.0,2024.0,2024.0,2024.0,True,0.0
SUR,Suriname,Latin America & Caribbean ,Upper middle income,99.0,18.7523938773484,87.4,2060.11370818891,2024.0,2024.0,2023.0,2024.0,True,1.0
SVK,Slovak Republic,Europe & Central Asia,High income,100.0,33.8136036435218,89.82507032,43287.3502716398,2024.0,2024.0,2024.0,2024.0,True,0.0
SVN,Slovenia,Europe & Central Asia,High income,100.0,34.2332575162942,90.76355487,68783.4915859735,2024.0,2024.0,2024.0,2024.0,True,0.0
SWE,Sweden,Europe & Central Asia,High income,100.0,40.6156538715616,95.52930428,55097.2595366627,2024.0,2024.0,2024.0,2024.0,True,0.0
SWZ,Eswatini,Sub-Saharan Africa ,Lower middle income,89.3,2.5065536335855,63.40309906,116.669965610522,2024.0,2024.0,2024.0,2024.0,True,0.0
SXM,Sint Maarten (Dutch part),Latin America & Caribbean ,High income,100.0,,,1222.60668973472,2024.0,,,2024.0,False,0.0
SYC,Seychelles,Sub-Saharan Africa ,High income,100.0,31.5968654633563,87.81800079,139583.367668144,2024.0,2024.0,2024.0,2024.0,True,0.0
SYR,Syrian Arab Republic,"Middle East, North Africa, Afghanistan & Pakistan",Low income,89.3,6.86124546257849,,113.89078481694,2024.0,2023.0,,2024.0,False,1.0
TCA,Turks and Caicos Islands,Latin America & Caribbean ,High income,100.0,,,859.568067046309,2024.0,,,2024.0,False,0.0
TCD,Chad,Sub-Saharan Africa ,Low income,13.4,0.0,12.62689972,1.23158030029179,2024.0,2024.0,2024.0,2024.0,True,0.0
TGO,Togo,Sub-Saharan Africa ,Lower middle income,61.1,1.41538265577438,39.48320007,101.944220214742,2024.0,2024.0,2024.0,2024.0,True,0.0
THA,Thailand,East Asia & Pacific,Upper middle income,100.0,14.8870491187484,90.86718789,3149.99672587537,2024.0,2024.0,2024.0,2024.0,True,0.0
TJK,Tajikistan,Europe & Central Asia,Lower middle income,99.9,0.983936262867068,55.79339981,152.489012529309,2024.0,2023.0,2024.0,2024.0,True,1.0
TKM,Turkmenistan,Europe & Central Asia,Upper middle income,100.0,5.21710831232306,,188.271449268517,2024.0,2022.0,,2024.0,False,2.0
TLS,Timor-Leste,East Asia & Pacific,Lower middle income,94.3,0.00599726695977119,35.04199982,264.879290723228,2024.0,2024.0,2021.0,2024.0,True,3.0
TON,Tonga,East Asia & Pacific,Upper middle income,100.0,8.17387330781973,67.4417038,969.522438204944,2024.0,2022.0,2024.0,2024.0,True,2.0
TTO,Trinidad and Tobago,Latin America & Caribbean ,High income,100.0,27.0294379426204,82.15989685,480.146280181798,2024.0,2024.0,2024.0,2024.0,True,0.0
TUN,Tunisia,"Middle East, North Africa, Afghanistan & Pakistan",Lower middle income,100.0,14.9741523024679,76.5,912.34833868462,2024.0,2024.0,2024.0,2024.0,True,0.0
TUR,Turkiye,Europe & Central Asia,Upper middle income,100.0,23.4317347919186,87.3078767,11103.4011629345,2024.0,2024.0,2024.0,2024.0,True,0.0
TUV,Tuvalu,East Asia & Pacific,Upper middle income,100.0,4.52361889511609,,311.009744972009,2024.0,2022.0,,2024.0,False,2.0
TZA,Tanzania,Sub-Saharan Africa ,Lower middle income,52.4,0.246433216306666,31.16209984,52.4065310993964,2024.0,2024.0,2024.0,2024.0,True,0.0
UGA,Uganda,Sub-Saharan Africa ,Low income,55.3,0.207613333991268,8.949831061,53.7637719430767,2024.0,2024.0,2024.0,2024.0,True,0.0
UKR,Ukraine,Europe & Central Asia,Upper middle income,100.0,21.6539327212609,82.47489929,9936.86751062547,2024.0,2024.0,2024.0,2024.0,True,0.0
URY,Uruguay,Latin America & Caribbean ,High income,100.0,33.0440254320868,91.99109007,4640.65897593684,2024.0,2024.0,2024.0,2024.0,True,0.0
USA,United States,North America,High income,100.0,38.8571729185246,94.69380188,196616.101319598,2024.0,2024.0,2024.0,2024.0,True,0.0
UZB,Uzbekistan,Europe & Central Asia,Lower middle income,100.0,34.7381414135069,89.50550079,966.617245834433,2024.0,2024.0,2024.0,2024.0,True,0.0
VCT,St. Vincent and the Grenadines,Latin America & Caribbean ,Upper middle income,100.0,29.4605231772283,76.19010162,268.346982587262,2024.0,2024.0,2024.0,2024.0,True,0.0
VEN,"Venezuela, RB",Latin America & Caribbean ,Lower middle income,100.0,12.9446636524427,76.67890167,246.677206628298,2024.0,2024.0,2024.0,2024.0,True,0.0
VGB,British Virgin Islands,Latin America & Caribbean ,High income,100.0,24.9119606799929,,1443008.79126447,2024.0,2024.0,,2024.0,False,0.0
VIR,Virgin Islands (U.S.),Latin America & Caribbean ,High income,100.0,10.0662374143133,,5614.26367877981,2024.0,2022.0,,2024.0,False,2.0
VNM,Viet Nam,East Asia & Pacific,Upper middle income,100.0,23.711259212336,84.15,5733.7485681175,2024.0,2024.0,2024.0,2024.0,True,0.0
VUT,Vanuatu,East Asia & Pacific,Lower middle income,65.5,1.15566375920214,,1918.98760437737,2024.0,2024.0,,2024.0,False,0.0
WSM,Samoa,East Asia & Pacific,Upper middle income,100.0,0.87753935919651,,605.451818419496,2024.0,2022.0,,2024.0,False,2.0
XKX,Kosovo,Europe & Central Asia,Upper middle income,,,,,,,,,False,
YEM,"Yemen, Rep.","Middle East, North Africa, Afghanistan & Pakistan",Low income,86.3,1.27124133725573,,15.0062227775045,2024.0,2022.0,,2024.0,False,2.0
ZAF,South Africa,Sub-Saharan Africa ,Upper middle income,90.2,5.34791194620067,78.35759735,16658.2387068502,2024.0,2024.0,2024.0,2024.0,True,0.0
ZMB,Zambia,Sub-Saharan Africa ,Lower middle income,53.6,0.789797548725881,17.10099983,80.5068516209933,2024.0,2024.0,2024.0,2024.0,True,0.0
ZWE,Zimbabwe,Sub-Saharan Africa ,Lower middle income,62.0,1.93865437549104,41.64279938,89.9943749006951,2024.0,2024.0,2024.0,2024.0,True,0.0
