iso3,country,region,income_group,electricity_access_percent,fixed_broadband_per_100,internet_users_percent,secure_servers_per_million,complete_case
ABW,Aruba,Latin America & Caribbean ,High income,100.0,,,1397.18141935003,False
AFG,Afghanistan,"Middle East, North Africa, Afghanistan & Pakistan",Low income,85.3,0.0800873028793967,15.92840004,43.758544404586,True
AGO,Angola,Sub-Saharan Africa ,Lower middle income,51.1,0.373668982990052,37.88589859,40.2177899448233,True
ALB,Albania,Europe & Central Asia,Upper middle income,100.0,22.5048592377088,83.13559161,1389.50050131486,True
AND,Andorra,Europe & Central Asia,High income,100.0,51.7401306025527,94.21499634,14618.5811813595,True
ARE,United Arab Emirates,"Middle East, North Africa, Afghanistan & Pakistan",High income,100.0,37.0968234502256,100.0,2119.66117852284,True
ARG,Argentina,Latin America & Caribbean ,Upper middle income,100.0,25.3580730689248,89.22897166,5451.20150353984,True
ARM,Armenia,Europe & Central Asia,Upper middle income,100.0,18.5458075085454,79.99663036,1177.00637587289,True
ASM,American Samoa,East Asia & Pacific,High income,,,,462.953220681383,False
ATG,Antigua and Barbuda,Latin America & Caribbean ,High income,100.0,,72.12409973,803.720690985469,False
AUS,Australia,East Asia & Pacific,High income,100.0,36.627426494239,96.1160965,47565.8931035132,True
AUT,Austria,Europe & Central Asia,High income,100.0,29.3725409835617,95.33467117,42281.0014410145,True
AZE,Azerbaijan,Europe & Central Asia,Upper middle income,100.0,20.8825041017301,89.0,549.736368813028,True
BDI,Burundi,Sub-Saharan Africa ,Low income,11.6,0.0203441336211462,7.172299862,10.2999024796467,True
BEL,Belgium,Europe & Central Asia,High income,100.0,43.7026445985633,94.62625074,33664.5855592207,True
BEN,Benin,Sub-Saharan Africa ,Lower middle income,57.0,0.170880461346773,32.39400101,12.4016425727555,True
BFA,Burkina Faso,Sub-Saharan Africa ,Low income,21.7,0.459463342299517,25.36120033,22.583386549057,True
BGD,Bangladesh,South Asia,Lower middle income,99.5,7.89245848428319,44.50274195,388.168008314603,True
BGR,Bulgaria,Europe & Central Asia,High income,100.0,37.0235717545079,80.38956462,54104.3676383629,True
BHR,Bahrain,"Middle East, North Africa, Afghanistan & Pakistan",High income,100.0,17.1582362107608,100.0,5578.10456045081,True
BHS,"Bahamas, The",Latin America & Caribbean ,High income,100.0,23.816342880032,92.38729858,6434.00761065492,True
BIH,Bosnia and Herzegovina,Europe & Central Asia,Upper middle income,100.0,28.440133083292,83.3771539,5345.87433317855,True
BLR,Belarus,Europe & Central Asia,Upper middle income,100.0,35.0931910729644,91.51249979,11946.8772968583,True
BLZ,Belize,Latin America & Caribbean ,Upper middle income,99.6,,70.18720245,405693.422134437,False
BMU,Bermuda,North America,High income,100.0,,,5718.87848156048,False
BOL,Bolivia,Latin America & Caribbean ,Lower middle income,99.8,11.1529423948186,77.30039978,326.60471004991,True
BRA,Brazil,Latin America & Caribbean ,Upper middle income,99.8,22.4192301618889,84.15060238,5628.66295682819,True
BRB,Barbados,Latin America & Caribbean ,High income,100.0,,69.67510223,1059.02187464581,False
BRN,Brunei Darussalam,East Asia & Pacific,High income,100.0,20.2120497048692,98.97039795,8774.3954121264,True
BTN,Bhutan,South Asia,Lower middle income,100.0,1.31881966212479,90.02140045,1227.13429172733,True
BWA,Botswana,Sub-Saharan Africa ,Upper middle income,76.0,6.16495796381324,,441.085635122996,False
CAF,Central African Republic,Sub-Saharan Africa ,Low income,17.6,,13.8416996,2.5230857493982,False
CAN,Canada,North America,High income,100.0,42.5241770773151,94.14530182,42601.5943234463,True
CHE,Switzerland,Europe & Central Asia,High income,100.0,46.8364627671237,97.34436623,163621.681253151,True
CHI,Channel Islands,Europe & Central Asia,High income,100.0,,,,False
CHL,Chile,Latin America & Caribbean ,High income,100.0,22.9954165646133,94.45742345,12299.9658931976,True
CHN,China,East Asia & Pacific,Upper middle income,100.0,44.728886496649,90.6,1508.37096213963,True
CIV,Cote d'Ivoire,Sub-Saharan Africa ,Lower middle income,72.4,1.36336622359986,40.65284979,63.4352162159023,True
CMR,Cameroon,Sub-Saharan Africa ,Lower middle income,72.0,,42.24380112,17.0586592662161,False
COD,"Congo, Dem. Rep.",Sub-Saharan Africa ,Low income,22.1,0.0219936280960956,18.96789932,8.82883424668128,True
COG,"Congo, Rep.",Sub-Saharan Africa ,Lower middle income,51.3,1.26798412068153,43.15039825,18.5997313551845,True
COL,Colombia,Latin America & Caribbean ,Upper middle income,98.7,17.0369815251774,77.33686322,1109.11166481961,True
COM,Comoros,Sub-Saharan Africa ,Lower middle income,89.8,0.387941019794517,31.92749977,18.8149630697553,True
CPV,Cabo Verde,Sub-Saharan Africa ,Upper middle income,98.6,7.23008973237277,74.59919739,951.503931415137,True
CRI,Costa Rica,Latin America & Caribbean ,High income,100.0,22.5231293549635,85.39514799,1956.70376699752,True
CUB,Cuba,Latin America & Caribbean ,Upper middle income,100.0,2.97118012807884,69.55580139,169.329553878332,True
CUW,Curacao,Latin America & Caribbean ,High income,100.0,31.5126707545287,,4597.35926649165,False
CYM,Cayman Islands,Latin America & Caribbean ,High income,100.0,,,26561.5159232181,False
CYP,Cyprus,Europe & Central Asia,High income,100.0,36.9005587748344,91.22110357,557174.254410488,True
CZE,Czechia,Europe & Central Asia,High income,100.0,37.9099783935119,85.99404818,80152.0281309664,True
DEU,Germany,Europe & Central Asia,High income,100.0,45.380522509099,92.4763763,139972.802327193,True
DJI,Djibouti,"Middle East, North Africa, Afghanistan & Pakistan",Lower middle income,65.2,1.47205761945073,64.75869751,63.3161714706005,True
DMA,Dominica,Latin America & Caribbean ,Upper middle income,100.0,,81.33650208,66516.3133363404,False
DNK,Denmark,Europe & Central Asia,High income,100.0,44.0352069959396,98.77559197,261262.408036924,True
DOM,Dominican Republic,Latin America & Caribbean ,Upper middle income,99.6,11.1345555858062,86.12689972,216.480684195454,True
DZA,Algeria,"Middle East, North Africa, Afghanistan & Pakistan",Upper middle income,100.0,12.0086836084024,76.19760132,100.294126063305,True
ECU,Ecuador,Latin America & Caribbean ,Upper middle income,98.7,16.0678902316524,72.6943146,475.303701323292,True
EGY,"Egypt, Arab Rep.","Middle East, North Africa, Afghanistan & Pakistan",Lower middle income,100.0,10.8642477216638,74.01190186,53.3021246846793,True
ERI,Eritrea,Sub-Saharan Africa ,Low income,54.4,,,0.288152052074839,False
ESP,Spain,Europe & Central Asia,High income,100.0,37.2148181549182,95.44564516,28733.8233897512,True
EST,Estonia,Europe & Central Asia,High income,100.0,35.2539796781149,93.18342241,112224.017467886,True
ETH,Ethiopia,Sub-Saharan Africa ,Low income,55.4,0.534823180349513,20.33749962,17.4681050894878,True
FIN,Finland,Europe & Central Asia,High income,100.0,35.3318092510781,93.51385075,153868.49826224,True
FJI,Fiji,East Asia & Pacific,Upper middle income,99.3,1.82947481185312,74.1160965,229.40123032641,True
FRA,France,Europe & Central Asia,High income,100.0,48.6688340139444,86.83635789,52017.9916172468,True
FRO,Faroe Islands,Europe & Central Asia,High income,100.0,,,8364.2780984595,False
FSM,"Micronesia, Fed. Sts.",East Asia & Pacific,Upper middle income,86.9,,39.39889908,159.815324513895,False
GAB,Gabon,Sub-Saharan Africa ,Upper middle income,94.1,3.97293291301595,68.19789886,43.0620064721793,True
GBR,United Kingdom,Europe & Central Asia,High income,100.0,41.4367685540411,95.44719696,47330.9546741383,True
GEO,Georgia,Europe & Central Asia,Upper middle income,100.0,29.3086367614167,81.88425624,5251.80710018051,True
GHA,Ghana,Sub-Saharan Africa ,Lower middle income,89.5,0.555476730525596,70.67430115,48.1533130456056,True
GIB,Gibraltar,Europe & Central Asia,High income,100.0,,,8837.82589482987,False
GIN,Guinea,Sub-Saharan Africa ,Lower middle income,51.1,,32.31560135,10.4821308131051,False
GMB,"Gambia, The",Sub-Saharan Africa ,Low income,66.9,0.502141524068284,48.72829819,52.2639365864236,True
GNB,Guinea-Bissau,Sub-Saharan Africa ,Low income,40.5,0.310448099439986,28.71240044,6.50153087832431,True
GNQ,Equatorial Guinea,Sub-Saharan Africa ,Upper middle income,66.9,,63.51950073,43.8418683347505,False
GRC,Greece,Europe & Central Asia,High income,100.0,43.8539621755853,85.0102229,14227.2514879146,True
GRD,Grenada,Latin America & Caribbean ,Upper middle income,94.4,,69.4131012,614.958874625259,False
GRL,Greenland,Europe & Central Asia,High income,100.0,,,4765.67308537765,False
GTM,Guatemala,Latin America & Caribbean ,Upper middle income,100.0,5.08082886037381,56.72669983,109.187182804061,True
GUM,Guam,East Asia & Pacific,High income,100.0,,,936.903174660373,False
GUY,Guyana,Latin America & Caribbean ,High income,98.9,,79.3553009,101.651473401803,False
HKG,"Hong Kong SAR, China",East Asia & Pacific,High income,100.0,39.8839727444243,95.97781908,131226.894547578,True
HND,Honduras,Latin America & Caribbean ,Lower middle income,95.6,4.36212775547539,58.0685997,138.188876481221,True
HRV,Croatia,Europe & Central Asia,High income,100.0,28.4709561519529,83.24117599,29421.5643448716,True
HTI,Haiti,Latin America & Caribbean ,Lower middle income,51.3,,47.99269867,7.38996810111676,False
HUN,Hungary,Europe & Central Asia,High income,100.0,36.7901885342462,91.4500713,53717.7865400025,True
IDN,Indonesia,East Asia & Pacific,Upper middle income,99.4,4.81663955789733,69.20836554,2722.38990575723,True
IMN,Isle of Man,Europe & Central Asia,High income,100.0,,,21564.7834610586,False
IND,India,South Asia,Lower middle income,99.5,2.74534696441771,60.25230026,966.082590066802,True
IRL,Ireland,Europe & Central Asia,High income,100.0,31.8907830651788,96.8660965,149934.162195583,True
IRN,"Iran, Islamic Rep.","Middle East, North Africa, Afghanistan & Pakistan",Upper middle income,100.0,12.0205942239083,83.71050262,6599.35473971613,True
IRQ,Iraq,"Middle East, North Africa, Afghanistan & Pakistan",Upper middle income,100.0,17.2312565041583,81.80889893,43.6393011863656,True
ISL,Iceland,Europe & Central Asia,High income,100.0,37.4245919320463,97.94860077,87104.544641306,True
ISR,Israel,"Middle East, North Africa, Afghanistan & Pakistan",High income,100.0,29.4357235504327,87.03842615,12925.0685348766,True
ITA,Italy,Europe & Central Asia,High income,100.0,31.8410876819321,87.0278292,30244.0571559008,True
JAM,Jamaica,Latin America & Caribbean ,Upper middle income,97.7,15.7852035329423,89.47304282,190.859452085474,True
JOR,Jordan,"Middle East, North Africa, Afghanistan & Pakistan",Upper middle income,100.0,7.03749462484875,92.53443944,182.967132441716,True
JPN,Japan,East Asia & Pacific,High income,100.0,38.6312383711286,85.00990295,31701.7121806602,True
KAZ,Kazakhstan,Europe & Central Asia,Upper middle income,100.0,14.3457210056574,92.87846096,5814.13651400898,True
KEN,Kenya,Sub-Saharan Africa ,Lower middle income,76.2,2.38882511128724,32.07040024,297.132205291086,True
KGZ,Kyrgyz Republic,Europe & Central Asia,Lower middle income,100.0,6.44652532064676,91.04440308,816.366773477939,True
KHM,Cambodia,East Asia & Pacific,Lower middle income,95.0,3.64181801068419,68.92549896,223.199425156739,True
KIR,Kiribati,East Asia & Pacific,Lower middle income,95.9,0.039990945446314,88.0,22.6363842148947,True
KNA,St. Kitts and Nevis,Latin America & Caribbean ,High income,100.0,,76.58950043,8233.88511056931,False
KOR,"Korea, Rep.",East Asia & Pacific,High income,100.0,46.5676352036327,97.41597478,9728.36049939764,True
KWT,Kuwait,"Middle East, North Africa, Afghanistan & Pakistan",High income,100.0,1.01366418243269,99.74731125,385.501357805424,True
LAO,Lao PDR,East Asia & Pacific,Lower middle income,96.5,2.72021122524182,64.39800262,274.103316206551,True
LBN,Lebanon,"Middle East, North Africa, Afghanistan & Pakistan",Lower middle income,100.0,,81.7059021,676.020565020171,False
LBR,Liberia,Sub-Saharan Africa ,Low income,32.5,,31.22410011,9.28449156758809,False
LBY,Libya,"Middle East, North Africa, Afghanistan & Pakistan",Upper middle income,73.2,,82.10469818,112.241756698472,False
LCA,St. Lucia,Latin America & Caribbean ,Upper middle income,100.0,,67.44390106,702.791644588225,False
LIE,Liechtenstein,Europe & Central Asia,High income,100.0,49.4065356836204,98.13230133,66179.7921999699,True
LKA,Sri Lanka,South Asia,Upper middle income,100.0,8.76545173115153,51.2,482.370558605981,True
LSO,Lesotho,Sub-Saharan Africa ,Lower middle income,57.3,0.383738154734299,48.98590088,89.1206988447189,True
LTU,Lithuania,Europe & Central Asia,High income,100.0,27.9638162516437,88.50287484,96899.7957573953,True
LUX,Luxembourg,Europe & Central Asia,High income,100.0,38.3793065082138,99.34785707,60480.4705670513,True
LVA,Latvia,Europe & Central Asia,High income,100.0,25.9948491178264,92.18791291,26083.1019636781,True
MAC,"Macao SAR, China",East Asia & Pacific,High income,100.0,29.6759264447159,89.82640076,5760.16499705362,True
MAF,St. Martin (French part),Latin America & Caribbean ,High income,100.0,,,1272.03343630747,False
MAR,Morocco,"Middle East, North Africa, Afghanistan & Pakistan",Lower middle income,100.0,7.02184328513844,91.0,567.610133561799,True
MCO,Monaco,Europe & Central Asia,High income,100.0,55.8835609405483,98.87049866,31805.113461341,True
MDA,Moldova,Europe & Central Asia,Upper middle income,100.0,27.3086365814931,76.50330353,11525.8344613825,True
MDG,Madagascar,Sub-Saharan Africa ,Low income,39.4,0.124487385085979,18.24080086,22.1823794204962,True
MDV,Maldives,South Asia,Upper middle income,100.0,18.6292999539919,84.55290222,1237.6567033084,True
MEX,Mexico,Latin America & Caribbean ,Upper middle income,99.7,20.752917384408,81.18318755,412.117306307005,True
MHL,Marshall Islands,East Asia & Pacific,Upper middle income,100.0,,64.07589722,154.531640353362,False
MKD,North Macedonia,Europe & Central Asia,Upper middle income,100.0,29.1771708951077,88.5,1857.95506768734,True
MLI,Mali,Sub-Saharan Africa ,Low income,54.5,,36.03879929,14.0518412813394,False
MLT,Malta,"Middle East, North Africa, Afghanistan & Pakistan",High income,100.0,44.282454836797,92.07266941,4823.18311994457,True
MMR,Myanmar,East Asia & Pacific,Lower middle income,76.8,2.79829802446154,,20.1722406397571,False
MNE,Montenegro,Europe & Central Asia,Upper middle income,100.0,32.0155251660479,88.5515976,2221.22788194294,True
MNG,Mongolia,East Asia & Pacific,Upper middle income,100.0,14.5529107220073,83.74320221,2354.68502461116,True
MNP,Northern Mariana Islands,East Asia & Pacific,High income,100.0,,,2037.96823427774,False
MOZ,Mozambique,Sub-Saharan Africa ,Low income,36.0,0.149001818335337,19.94560051,37.1040304253049,True
MRT,Mauritania,Sub-Saharan Africa ,Lower middle income,50.3,0.59041012129361,44.95629883,34.6445085168746,True
MUS,Mauritius,Sub-Saharan Africa ,Upper middle income,100.0,26.9082309192612,79.5,2490.69592927385,True
MWI,Malawi,Sub-Saharan Africa ,Low income,15.6,0.079556560544817,17.98810346,27.6718471460233,True
MYS,Malaysia,East Asia & Pacific,Upper middle income,100.0,13.0287000355119,97.69272633,8082.51982602892,True
NAM,Namibia,Sub-Saharan Africa ,Lower middle income,56.7,3.52006938690795,63.69549942,389.457644793704,True
NCL,New Caledonia,East Asia & Pacific,High income,100.0,,,7648.25611481009,False
NER,Niger,Sub-Saharan Africa ,Low income,20.1,0.107619048674827,12.98079967,4.74008526113684,True
NGA,Nigeria,Sub-Saharan Africa ,Lower middle income,61.2,0.051283785190682,40.06399918,47.5989986876815,True
NIC,Nicaragua,Latin America & Caribbean ,Lower middle income,88.3,5.43030503048751,60.30120087,103.464249804319,True
NLD,Netherlands,Europe & Central Asia,High income,100.0,43.2644444744139,97.00680272,194962.867894191,True
NOR,Norway,Europe & Central Asia,High income,100.0,45.4377082628592,99.00000258,37715.0449824181,True
NPL,Nepal,South Asia,Lower middle income,94.0,10.6751345547041,45.80680084,642.608117418196,True
NRU,Naoero,East Asia & Pacific,High income,100.0,,83.03970337,421.052631578947,False
NZL,New Zealand,East Asia & Pacific,High income,100.0,37.8530848455277,93.32610321,18993.6538461538,True
OMN,Oman,"Middle East, North Africa, Afghanistan & Pakistan",High income,100.0,10.8793321668994,95.25170135,279.446391150878,True
PAK,Pakistan,"Middle East, North Africa, Afghanistan & Pakistan",Lower middle income,95.6,1.35622425766449,,113.359557368847,False
PAN,Panama,Latin America & Caribbean ,High income,97.0,18.1341265585334,68.54851592,2621.1329206176,True
PER,Peru,Latin America & Caribbean ,Upper middle income,96.2,10.4364266723222,79.48484477,749.75734671937,True
PHL,Philippines,East Asia & Pacific,Upper middle income,98.0,6.5393085505183,77.86699677,305.497725722229,True
PLW,Palau,East Asia & Pacific,High income,100.0,7.33344615558188,82.91629791,1353.86698256896,True
PNG,Papua New Guinea,East Asia & Pacific,Lower middle income,20.5,0.228111959659795,18.56130028,86.3360454914922,True
POL,Poland,Europe & Central Asia,High income,100.0,24.526154479274,86.414744,37340.960521191,True
PRI,Puerto Rico (US),Latin America & Caribbean ,High income,100.0,23.1595519217476,,464.761467185468,False
PRK,"Korea, Dem. People's Rep.",East Asia & Pacific,Low income,57.5,,,3.93667941999388,False
PRT,Portugal,Europe & Central Asia,High income,100.0,44.1107426914567,85.79012676,28927.204260395,True
PRY,Paraguay,Latin America & Caribbean ,Upper middle income,99.8,12.8835504093571,78.09481878,643.177395689689,True
PSE,West Bank and Gaza,"Middle East, North Africa, Afghanistan & Pakistan",Lower middle income,100.0,8.37056926326656,86.63765334,434.591131050036,True
PYF,French Polynesia,East Asia & Pacific,High income,100.0,35.5533975056738,,2312.19630190881,False
QAT,Qatar,"Middle East, North Africa, Afghanistan & Pakistan",High income,100.0,11.641102863231,98.15229797,449.542776593053,True
ROU,Romania,Europe & Central Asia,High income,100.0,34.6706189336505,89.20335498,26834.6013459271,True
RUS,Russian Federation,Europe & Central Asia,High income,100.0,25.8238695549039,92.24496346,23603.5969263721,True
RWA,Rwanda,Sub-Saharan Africa ,Low income,63.9,0.445556123195211,28.80579948,129.134239484965,True
SAU,Saudi Arabia,"Middle East, North Africa, Afghanistan & Pakistan",High income,100.0,43.5732045642216,100.0,425.544149523076,True
SDN,Sudan,Sub-Saharan Africa ,Low income,66.0,,,2.13817011125539,False
SEN,Senegal,Sub-Saharan Africa ,Lower middle income,74.2,1.97393200956788,59.18740082,46.1898286899464,True
SGP,Singapore,East Asia & Pacific,High income,100.0,27.4343636046425,94.28518987,228648.442759691,True
SLB,Solomon Islands,East Asia & Pacific,Lower middle income,81.3,,28.67239952,78.7495078155762,False
SLE,Sierra Leone,Sub-Saharan Africa ,Low income,35.5,,23.71360016,13.356165678862,False
SLV,El Salvador,Latin America & Caribbean ,Upper middle income,98.3,11.6271746145254,62.61989975,181.785792624093,True
SMR,San Marino,Europe & Central Asia,High income,100.0,,97.33640289,32339.0431187242,False
SOM,"Somalia, Fed. Rep.",Sub-Saharan Africa ,Low income,50.3,0.722963033976147,26.12010002,10.0770128901336,True
SRB,Serbia,Europe & Central Asia,Upper middle income,100.0,31.2695286708104,85.35746686,12647.8462092924,True
SSD,South Sudan,Sub-Saharan Africa ,Low income,5.4,0.00174164840403178,,3.83162648886991,False
STP,Sao Tome and Principe,Sub-Saharan Africa ,Lower middle income,81.3,2.50139688397417,58.70130157,38.9828085814156,True
SUR,Suriname,Latin America & Caribbean ,Upper middle income,99.6,17.5373597122531,87.4,1388.1689209173,True
SVK,Slovak Republic,Europe & Central Asia,High income,100.0,33.17259432898,87.2131343,39911.9913612961,True
SVN,Slovenia,Europe & Central Asia,High income,100.0,31.8814801387465,90.37794678,63978.5405154822,True
SWE,Sweden,Europe & Central Asia,High income,100.0,40.7340135908716,95.70327461,52996.3464606147,True
SWZ,Eswatini,Sub-Saharan Africa ,Lower middle income,86.4,2.76365982774566,61.33330154,139.779895425134,True
SXM,Sint Maarten (Dutch part),Latin America & Caribbean ,High income,100.0,,,1216.40272287071,False
SYC,Seychelles,Sub-Saharan Africa ,High income,100.0,30.7719361318005,86.001297,52607.8498492983,True
SYR,Syrian Arab Republic,"Middle East, North Africa, Afghanistan & Pakistan",Low income,88.4,6.86124546257849,,93.2839655882614,False
TCA,Turks and Caicos Islands,Latin America & Caribbean ,High income,100.0,,,735.962595783367,False
TCD,Chad,Sub-Saharan Africa ,Low income,12.0,0.0,12.03590012,1.24229621062387,True
TGO,Togo,Sub-Saharan Africa ,Lower middle income,59.2,1.22815843837127,37.57020187,103.479513853001,True
THA,Thailand,East Asia & Pacific,Upper middle income,100.0,14.5089451983046,89.53525238,3002.53401436088,True
TJK,Tajikistan,Europe & Central Asia,Lower middle income,100.0,0.983936262867068,54.41550064,123.775253015001,True
TKM,Turkmenistan,Europe & Central Asia,Upper middle income,100.0,,,138.775015826055,False
TLS,Timor-Leste,East Asia & Pacific,Lower middle income,100.0,0.00577915257396232,,240.557225891181,False
TON,Tonga,East Asia & Pacific,Upper middle income,100.0,,64.13140106,879.566335554557,False
TTO,Trinidad and Tobago,Latin America & Caribbean ,High income,98.7,26.8942307436398,81.9681015,428.516062039766,True
TUN,Tunisia,"Middle East, North Africa, Afghanistan & Pakistan",Lower middle income,100.0,14.0829860846719,,818.331745821111,False
TUR,Turkiye,Europe & Central Asia,Upper middle income,100.0,22.4591697943845,85.96074155,9881.98609883873,True
TUV,Tuvalu,East Asia & Pacific,Upper middle income,100.0,,,509.372453137734,False
TZA,Tanzania,Sub-Saharan Africa ,Lower middle income,48.3,0.10501728326893,28.43190002,52.5836968683624,True
UGA,Uganda,Sub-Saharan Africa ,Low income,51.5,0.0912969650305002,9.286999702,51.6271163289848,True
UKR,Ukraine,Europe & Central Asia,Upper middle income,100.0,21.3774151510902,81.58059692,9888.25753781136,True
URY,Uruguay,Latin America & Caribbean ,High income,100.0,32.4032099586757,90.92590332,4353.20170916811,True
USA,United States,North America,High income,100.0,38.0939254696383,93.52559662,186721.281912647,True
UZB,Uzbekistan,Europe & Central Asia,Lower middle income,100.0,30.2699233460544,89.01361047,823.873753807853,True
VCT,St. Vincent and the Grenadines,Latin America & Caribbean ,Upper middle income,100.0,30.4935700680004,75.53679657,167.780267066707,True
VEN,"Venezuela, RB",Latin America & Caribbean ,Lower middle income,100.0,10.638053537183,76.33190155,223.456154361985,True
VGB,British Virgin Islands,Latin America & Caribbean ,High income,100.0,23.5269975631653,,1982403.48852123,False
VIR,Virgin Islands (U.S.),Latin America & Caribbean ,High income,100.0,,,305.003002373305,False
VNM,Viet Nam,East Asia & Pacific,Upper middle income,99.8,22.6806675035061,78.08,5256.30770476842,True
VUT,Vanuatu,East Asia & Pacific,Lower middle income,61.6,1.23342353055002,,1635.4097419236,False
WSM,Samoa,East Asia & Pacific,Upper middle income,100.0,,,618.472004910852,False
XKX,Kosovo,Europe & Central Asia,Upper middle income,,,,,False
YEM,"Yemen, Rep.","Middle East, North Africa, Afghanistan & Pakistan",Low income,83.6,,,6.95593912679964,False
ZAF,South Africa,Sub-Saharan Africa ,Upper middle income,87.7,3.4056617766544,78.33670044,14786.991738834,True
ZMB,Zambia,Sub-Saharan Africa ,Lower middle income,51.1,0.681389878819039,16.45070076,54.9605251697733,True
ZWE,Zimbabwe,Sub-Saharan Africa ,Lower middle income,62.0,1.5745780720211,38.67480087,89.3467905102938,True
